,OBP,SLG,OPS,GPA,SECA,TA,RC,RC27,XR,ISO,PSR,wOBA,BABIP,OW%
P1,0.2822936155455442,0.2922644651974883,0.3079317816517281,0.30811802938496474,0.23731896700013255,0.3073757084178619,0.30334332683485843,0.3033433296300677,0.30482005316914934,0.21579461089773191,0.15897601879000306,-0.205689600862551,0.16751668888717341,0.27417625830202375
P2,-0.06482794809842747,0.2352596113482366,0.13458786497635322,0.08918012879125492,0.4320459409841801,0.1497600196959733,-0.15491482548161845,-0.15491468983857373,-0.12501923214064198,0.49041327160175696,-0.11088958062084442,0.44197657794425,-0.3420599422884047,-0.27661264742123337
P3,-0.3396082492494724,-0.061182574305087674,-0.17326608133870613,-0.2170651134926771,0.14856354080141124,-0.10353995080585834,0.08914966593659956,0.08914991908612832,0.15258244716645256,0.163869365742835,0.6080389875968625,-0.28884339001035203,-0.4956258779551207,0.07858763023218765
